"FundDescription","Account.Description","Total"
"AIRPORTS","BUDGET-CONTINGENCY",336882
"AIRPORTS","BUDGET-SALARY RESERVE",202860
"AIRPORTS","BUDGET-VACANCY DISCOUNT",-159861
"AIRPORTS","BUILDING MAINTENANCE",5200
"AIRPORTS","CHARGEBACK -POLICE",2968220
"AIRPORTS","CHARGEBACK-ADMIN SRVCS",885868
"AIRPORTS","CHARGEBACK-IT",402123
"AIRPORTS","CHARGEBACK-PRINT SHOP",2499
"AIRPORTS","CHARGEBACK-RISK MANAGEMENT",1267412
"AIRPORTS","CLOTHING & OTHER",37650
"AIRPORTS","EMPLOYEE TRAINING",4360
"AIRPORTS","EMPLOYEE TRAVEL REIMBURSEMENT",5000
"AIRPORTS","FUEL",161000
"AIRPORTS","GRAPHICS SUPPLIES",600
"AIRPORTS","GROUNDS IMPROVEMENT",4000
"AIRPORTS","HEALTH AND WELFARE INSURANCE",1391160
"AIRPORTS","JANITOR SUPPLIES",1400
"AIRPORTS","LANDSCAPING",2220
"AIRPORTS","LICENSES",1300
"AIRPORTS","MACHINERY AND EQUIPMENT MTCE",17400
"AIRPORTS","MEMBERSHIPS",5711
"AIRPORTS","MILEAGE REIMBURSEMENT",700
"AIRPORTS","MISCELLANEOUS SRVCS CONTRACTS",900
"AIRPORTS","NATURAL GAS",178000
"AIRPORTS","NON-CAPITAL FURNITURE & FIXTUR",4700
"AIRPORTS","NON-CAPITAL OFFICE MACHINES",2350
"AIRPORTS","OFFICE SUPPLIES",14300
"AIRPORTS","OTHER EQUIPMENT",28450
"AIRPORTS","OTHER EQUIPMENT RENTAL",5610
"AIRPORTS","OTHER REPAIRS AND MAINTENANCE",6500
"AIRPORTS","OTHER SERVICES AND CHARGES",18270
"AIRPORTS","OTHER SUPPLIES",43250
"AIRPORTS","OVERTIME WAGES",28356
"AIRPORTS","PART TIME & TEMPORARY WAGES",91500
"AIRPORTS","PAVEMENT MARKING MATERIALS",89712
"AIRPORTS","PHOTOGRAPHIC",100
"AIRPORTS","POSTAGE",6000
"AIRPORTS","REPAIR & MAINTENANCE PARTS",336150
"AIRPORTS","RETIREMENT PENSION CONTRIB",458023
"AIRPORTS","SALARIES AND WAGES",7534676
"AIRPORTS","SMALL TOOLS & MINOR EQUIP",17050
"AIRPORTS","TOOL ALLOWANCE",1700
"AIRPORTS","VEHICLES",500000
"ASSET FORFEITURE","ANIMAL-FOOD",40000
"ASSET FORFEITURE","BUDGET-CONTINGENCY",557000
"ASSET FORFEITURE","BUILDING MAINTENANCE",10000
"ASSET FORFEITURE","COMPUTER SUPPLIES",387385
"ASSET FORFEITURE","EMPLOYEE TRAINING",40000
"ASSET FORFEITURE","EMPLOYEE TRAVEL REIMBURSEMENT",40000
"ASSET FORFEITURE","EMPLOYER'S FICA EXPENSE",15000
"ASSET FORFEITURE","FUEL",206409
"ASSET FORFEITURE","MACHINERY AND EQUIPMENT MTCE",100000
"ASSET FORFEITURE","OTHER EQUIPMENT",564833
"ASSET FORFEITURE","OTHER EQUIPMENT RENTAL",3000
"ASSET FORFEITURE","OTHER REPAIRS AND MAINTENANCE",60000
"ASSET FORFEITURE","OTHER SERVICES AND CHARGES",189419
"ASSET FORFEITURE","OTHER SUPPLIES",249954
"ASSET FORFEITURE","PART TIME & TEMPORARY WAGES",165000
"ASSET FORFEITURE","PROFESSIONAL SVC-MEDICAL",20000
"ASSET FORFEITURE","REPAIR & MAINTENANCE PARTS",200000
"ASSET FORFEITURE","SHIPPING / FREIGHT",2000
"ASSET FORFEITURE","TRANSFER TO MFA-INVESTGATING",200000
"ASSET FORFEITURE","VEHICLES",200000
"ASSET FORFEITURE","VENDOR CONTRACT",5000
"CAPITAL IMPROVEMENT","ARCHITECT & ENGINEERING",714169
"CAPITAL IMPROVEMENT","ASPHALT ROAD MATERIALS",379391
"CAPITAL IMPROVEMENT","BUDGET-CAPITAL OUTLAY",518702
"CAPITAL IMPROVEMENT","BUDGET-CONTINGENCY",5121753
"CAPITAL IMPROVEMENT","BUDGET-MATERIALS AND SUPPLIES",1400000
"CAPITAL IMPROVEMENT","BUDGET-OTHER SRVCS & CHARGES",5471527
"CAPITAL IMPROVEMENT","BUILDING MAINTENANCE",19871
"CAPITAL IMPROVEMENT","COMPUTER SUPPLIES",445778
"CAPITAL IMPROVEMENT","CONSTRUCTION 2ND C",1775
"CAPITAL IMPROVEMENT","CONSTRUCTION IN PROGRESS",14705355
"CAPITAL IMPROVEMENT","CONSULTING SERVICE",16805
"CAPITAL IMPROVEMENT","ECONOMIC DEVELOPMENT CONTRACT",1782900
"CAPITAL IMPROVEMENT","EQUIPMENT",1089539
"CAPITAL IMPROVEMENT","FEASIBILITY_STUDY",114000
"CAPITAL IMPROVEMENT","FURNITURE & FIXTURES",111343
"CAPITAL IMPROVEMENT","INDEPENDENT AUDIT",1543
"CAPITAL IMPROVEMENT","IT SYSTEMS / SOFTWARE",2171897
"CAPITAL IMPROVEMENT","ITC MICROSOFT LICENSING",916
"CAPITAL IMPROVEMENT","ITC MISCELLANEOUS",6059
"CAPITAL IMPROVEMENT","ITC SECURITY",10687
"CAPITAL IMPROVEMENT","ITC TIME KEEPING SYSTEM",6584
"CAPITAL IMPROVEMENT","LAND",4049
"CAPITAL IMPROVEMENT","MAINTENANCE SERVICES CONTRACT",75000
"CAPITAL IMPROVEMENT","MISCELLANEOUS SRVCS CONTRACTS",115299
"CAPITAL IMPROVEMENT","NON-CAPITAL A&E",281988
"CAPITAL IMPROVEMENT","NON-CAPITAL CONSTRUCTION",13056982
"CAPITAL IMPROVEMENT","NON-CAPITAL FURNITURE & FIXTUR",401318
"CAPITAL IMPROVEMENT","NON-CAPITAL TESTING",80690
"CAPITAL IMPROVEMENT","OFFICE SUPPLIES",20
"CAPITAL IMPROVEMENT","OTHER EQUIPMENT",46790
"CAPITAL IMPROVEMENT","OTHER SERVICES AND CHARGES",351142
"CAPITAL IMPROVEMENT","OTHER SUPPLIES",3960
"CAPITAL IMPROVEMENT","PAYMENTS TO COTPA",25005
"CAPITAL IMPROVEMENT","PROFESSIONAL SERVICES-OTHER",99778
"CAPITAL IMPROVEMENT","PURCHASE_DISCOUNT",37
"CAPITAL IMPROVEMENT","REPAIR & MAINTENANCE PARTS",249030
"CAPITAL IMPROVEMENT","TESTING",82699
"CAPITAL IMPROVEMENT","TRAFFIC SIGNAL MATERIALS",12357
"CAPITAL IMPROVEMENT","TRANSFER TO FEDERAL GRANTS",2150
"CAPITAL IMPROVEMENT","TRANSFER TO GO BOND FUND",12500
"CAPITAL IMPROVEMENT","VEHICLES",8442969
"CITY/SCHOOLS SALES TAX","BUDGET-CONTINGENCY",27600
"CITY/SCHOOLS SALES TAX","CAR ALLOWANCE",3000
"CITY/SCHOOLS SALES TAX","CHARGEBACK-ADMIN SRVCS",332800
"CITY/SCHOOLS SALES TAX","CHARGEBACK-COLOR COPIES",3000
"CITY/SCHOOLS SALES TAX","CHARGEBACK-IT",58907
"CITY/SCHOOLS SALES TAX","CHARGEBACK-POSTAGE",5000
"CITY/SCHOOLS SALES TAX","CHARGEBACK-PRINT SHOP",1759
"CITY/SCHOOLS SALES TAX","COMPUTER SUPPLIES",10000
"CITY/SCHOOLS SALES TAX","EMPLOYEE PARKING",3000
"CITY/SCHOOLS SALES TAX","EMPLOYEE TRAINING",4000
"CITY/SCHOOLS SALES TAX","EMPLOYEE TRAVEL REIMBURSEMENT",10000
"CITY/SCHOOLS SALES TAX","HEALTH AND WELFARE INSURANCE",71296
"CITY/SCHOOLS SALES TAX","MAINTENANCE SERVICES CONTRACT",7000
"CITY/SCHOOLS SALES TAX","MEMBERSHIPS",750
"CITY/SCHOOLS SALES TAX","MILEAGE REIMBURSEMENT",5000
"CITY/SCHOOLS SALES TAX","MISCELLANEOUS SRVCS CONTRACTS",24513
"CITY/SCHOOLS SALES TAX","NON-CAPITAL FURNITURE & FIXTUR",12800
"CITY/SCHOOLS SALES TAX","NON-CAPITAL OFFICE MACHINES",10000
"CITY/SCHOOLS SALES TAX","OFFICE SUPPLIES",10000
"CITY/SCHOOLS SALES TAX","OTHER EQUIPMENT",10000
"CITY/SCHOOLS SALES TAX","OTHER SERVICES AND CHARGES",10000
"CITY/SCHOOLS SALES TAX","OTHER SUPPLIES",9000
"CITY/SCHOOLS SALES TAX","PART TIME & TEMPORARY WAGES",30000
"CITY/SCHOOLS SALES TAX","PRINTING & BINDING",2000
"CITY/SCHOOLS SALES TAX","PROFESSIONAL SERVICES-OTHER",30000
"CITY/SCHOOLS SALES TAX","PUBLIC WORKS MANAGEMENT SRVCS",5000
"CITY/SCHOOLS SALES TAX","REPAIR & MAINTENANCE PARTS",1000
"CITY/SCHOOLS SALES TAX","RETIREMENT PENSION CONTRIB",32611
"CITY/SCHOOLS SALES TAX","SALARIES AND WAGES",523388
"CITY/SCHOOLS SALES TAX","SUBSCRIPTIONS",400
"CITY/SCHOOLS SALES TAX","TRANSFER TO OCMAPS TRUST",100000
"CITY/SCHOOLS USE TAX","BUDGET-CAPITAL OUTLAY",204307
"CITY/SCHOOLS USE TAX","EQUIPMENT",1084846
"CITY/SCHOOLS USE TAX","MACHINERY AND EQUIPMENT MTCE",25628
"CITY/SCHOOLS USE TAX","NON-CAPITAL FURNITURE & FIXTUR",6110
"CITY/SCHOOLS USE TAX","OTHER EQUIPMENT",47674
"CITY/SCHOOLS USE TAX","OTHER REPAIRS AND MAINTENANCE",13345
"CITY/SCHOOLS USE TAX","PURCHASE_DISCOUNT",2478
"CITY/SCHOOLS USE TAX","RADIOS & OTHER EQUIP",1510109
"CITY/SCHOOLS USE TAX","REPAIR & MAINT PARTS-POLICE",62251
"CITY/SCHOOLS USE TAX","VEHICLES",3819393
"COURT ADMIN & TRAINING","ADVERTISING",250
"COURT ADMIN & TRAINING","BUDGET-CONTINGENCY",125481
"COURT ADMIN & TRAINING","BUILDING MAINTENANCE",20000
"COURT ADMIN & TRAINING","CLOTHING & OTHER",2500
"COURT ADMIN & TRAINING","COMPUTER SUPPLIES",3214
"COURT ADMIN & TRAINING","EDUCATIONAL & TRAINING",140200
"COURT ADMIN & TRAINING","EMPLOYEE TRAINING",68295
"COURT ADMIN & TRAINING","EMPLOYEE TRAVEL REIMBURSEMENT",50327
"COURT ADMIN & TRAINING","LEGAL REFERENCE MATERIAL",7937
"COURT ADMIN & TRAINING","MACHINERY AND EQUIPMENT MTCE",8925
"COURT ADMIN & TRAINING","MEMBERSHIPS",4700
"COURT ADMIN & TRAINING","MISCELLANEOUS SRVCS CONTRACTS",3000
"COURT ADMIN & TRAINING","NON-CAPITAL FURNITURE & FIXTUR",6200
"COURT ADMIN & TRAINING","NON-CAPITAL OFFICE MACHINES",12210
"COURT ADMIN & TRAINING","OFFICE SUPPLIES",12200
"COURT ADMIN & TRAINING","OTHER EQUIPMENT RENTAL",8000
"COURT ADMIN & TRAINING","OTHER REPAIRS AND MAINTENANCE",125
"COURT ADMIN & TRAINING","OTHER SERVICES AND CHARGES",5000
"COURT ADMIN & TRAINING","OTHER SUPPLIES",8200
"COURT ADMIN & TRAINING","PAYMENT TO STATE AFIS",523000
"COURT ADMIN & TRAINING","PAYMENT TO STATE CLEET",740000
"COURT ADMIN & TRAINING","PAYMENT TO STATE FORENSIC FEE",475000
"COURT ADMIN & TRAINING","PAYMENTS TO CRIME VICTIMS",15000
"COURT ADMIN & TRAINING","PROFESSIONAL SERVICES-OTHER",20000
"COURT ADMIN & TRAINING","REPAIR & MAINTENANCE PARTS",36700
"COURT ADMIN & TRAINING","SMALL TOOLS & MINOR EQUIP",125
"COURT ADMIN & TRAINING","TELEPHONE",5000
"DEBT SERVICE","BOND ISSUE COSTS",300000
"DEBT SERVICE","DEBT PRINCIPAL",47860000
"DEBT SERVICE","DEBT SERVICE RESERVE",10816277
"DEBT SERVICE","DS - JUDGEMENT INT",144676
"DEBT SERVICE","DS - JUDGEMENT PRI",2613797
"DEBT SERVICE","INTEREST      -GO",27712243
"EMERGENCY MANAGEMENT","BUDGET-CONTINGENCY",273961
"EMERGENCY MANAGEMENT","BUDGET-SALARY RESERVE",36247
"EMERGENCY MANAGEMENT","BUDGET-VACANCY DISCOUNT",-91575
"EMERGENCY MANAGEMENT","CHARGEBACK-IT",1906906
"EMERGENCY MANAGEMENT","CHARGEBACK-POSTAGE",400
"EMERGENCY MANAGEMENT","CHARGEBACK-PRINT SHOP",1119
"EMERGENCY MANAGEMENT","CHARGEBACK-RISK MANAGEMENT",202468
"EMERGENCY MANAGEMENT","EMPLOYEE TRAINING",2000
"EMERGENCY MANAGEMENT","HEALTH AND WELFARE INSURANCE",950626
"EMERGENCY MANAGEMENT","MEMBERSHIPS",500
"EMERGENCY MANAGEMENT","OFFICE SUPPLIES",7069
"EMERGENCY MANAGEMENT","OTHER SERVICES AND CHARGES",2500
"EMERGENCY MANAGEMENT","OVERTIME WAGES",139331
"EMERGENCY MANAGEMENT","PART TIME & TEMPORARY WAGES",40000
"EMERGENCY MANAGEMENT","RETIREMENT PENSION CONTRIB",267568
"EMERGENCY MANAGEMENT","SALARIES AND WAGES",4334677
"EMERGENCY MANAGEMENT","UNIFORM ALLOWANCE",3620
"FIRE","ACCRUED LEAVE PAYOUT",275000
"FIRE","BREATHING AIR EQUIP",30000
"FIRE","BUDGET-CONTINGENCY",2545638
"FIRE","BUDGET-OTHER FRINGE BUDGET",15650
"FIRE","BUDGET-RECRUIT OVERAGES",459000
"FIRE","BUDGET-SALARY RESERVE",386440
"FIRE","BUDGET-VACANCY DISCOUNT",-267004
"FIRE","CHARGEBACK-RISK MANAGEMENT",584853
"FIRE","CONSTRUCTION IN PROGRESS",225000
"FIRE","EMPLOYEE INCENTIVE",369104
"FIRE","EMPLOYEE TRAINING",75000
"FIRE","EMPLOYEE TUITION REIMBURSEMENT",4000
"FIRE","EQUIPMENT",620000
"FIRE","FIRE HOSE",30000
"FIRE","HEALTH AND WELFARE INSURANCE",2367106
"FIRE","MEDICAL SAFETY SUPPLIES",100000
"FIRE","MISCELLANEOUS SRVCS CONTRACTS",201000
"FIRE","NON-CAPITAL OFFICE MACHINES",40000
"FIRE","OTHER EQUIPMENT",220000
"FIRE","OTHER REPAIRS AND MAINTENANCE",150000
"FIRE","OTHER SERVICES AND CHARGES",275000
"FIRE","OUTSOURCED REPAIRS",200000
"FIRE","OVERTIME WAGES - FIRE",1449722
"FIRE","PROFESSIONAL SERVICES-OTHER",20000
"FIRE","PROTECTIVE CLOTHING",100000
"FIRE","RADIOS & OTHER EQUIP",70000
"FIRE","REPAIR & MAINTENANCE PARTS",1000000
"FIRE","RETIREMENT PENSION CONTRIB",2322963
"FIRE","SALARIES AND WAGES",15255078
"FIRE","TOOL ALLOWANCE",700
"FIRE","UNIFORM ALLOWANCE",291914
"FIRE","WAGE ADJUSTMENT-SALARY REIMB",11923341
"FLEET SERVICES","BUDGET-CONTINGENCY",181753
"FLEET SERVICES","BUDGET-VACANCY DISCOUNT",-48106
"FLEET SERVICES","BUILDING MAINTENANCE",1500
"FLEET SERVICES","CAR WASH & FUEL SERVICE CHRGES",33129
"FLEET SERVICES","CHARGEBACK-ADMIN SRVCS",71398
"FLEET SERVICES","CHARGEBACK-NATURAL GAS",33971
"FLEET SERVICES","CLOTHING & OTHER",297
"FLEET SERVICES","COMPUTER SUPPLIES",2500
"FLEET SERVICES","COPIER LEASE",8340
"FLEET SERVICES","COPIER MAINTENANCE AND OVERAGE",1260
"FLEET SERVICES","CUSTODIAL SERVICE",8400
"FLEET SERVICES","ELECTRICITY",73800
"FLEET SERVICES","EMPLOYEE TRAINING",7999
"FLEET SERVICES","EMPLOYEE TRAVEL REIMBURSEMENT",5037
"FLEET SERVICES","FUEL",4910478
"FLEET SERVICES","HEALTH AND WELFARE INSURANCE",428941
"FLEET SERVICES","JANITOR SUPPLIES",2525
"FLEET SERVICES","MACHINERY AND EQUIPMENT MTCE",97000
"FLEET SERVICES","MAINTENANCE SERVICES CONTRACT",20704
"FLEET SERVICES","MANAGEMENT CONTRACT",205120
"FLEET SERVICES","MEMBERSHIPS",1560
"FLEET SERVICES","MISCELLANEOUS SRVCS CONTRACTS",126144
"FLEET SERVICES","MOTOR OIL",85400
"FLEET SERVICES","NATURAL GAS",16000
"FLEET SERVICES","OFFICE SUPPLIES",2475
"FLEET SERVICES","OTHER EQUIPMENT RENTAL",7500
"FLEET SERVICES","OTHER SUPPLIES",5000
"FLEET SERVICES","OUTSOURCED REPAIRS",57000
"FLEET SERVICES","OVERTIME WAGES",15508
"FLEET SERVICES","REPAIR & MAINTENANCE PARTS",1153615
"FLEET SERVICES","RETIREMENT PENSION CONTRIB",139294
"FLEET SERVICES","SALARIES AND WAGES",2265850
"FLEET SERVICES","SALARY ADJUSTMENTS",17413
"FLEET SERVICES","SMALL TOOLS & MINOR EQUIP",7140
"FLEET SERVICES","SUBSCRIPTIONS",1000
"FLEET SERVICES","TELEPHONE",9000
"FLEET SERVICES","TIRES AND TUBES",501407
"FLEET SERVICES","TOOL ALLOWANCE",7000
"FLEET SERVICES","VEH LICENSE FEES",6500
"FLEET SERVICES","WATER, SEWER & REFUSE",6824
"FLEET SERVICES","WRECKER CHARGES",47000
"GENERAL FUND","ACCRUED LEAVE PAYOUT",2687134
"GENERAL FUND","ADVERTISING",144594
"GENERAL FUND","ANIMAL-FOOD",30000
"GENERAL FUND","ANIMAL-SUPPLIES",2200
"GENERAL FUND","ASPHALT ROAD MATERIALS",699104
"GENERAL FUND","AUDITS(CITY'S OP ACCOUNTS)",320825
"GENERAL FUND","BOND ISSUE COSTS",10000
"GENERAL FUND","BOTTLED GAS",500
"GENERAL FUND","BUDGET-CONTINGENCY",8417342
"GENERAL FUND","BUDGET-OTHER FRINGE BUDGET",292411
"GENERAL FUND","BUDGET-SALARY RESERVE",3345283
"GENERAL FUND","BUDGET-VACANCY DISCOUNT",-3753032
"GENERAL FUND","BUILDING MAINTENANCE",205618
"GENERAL FUND","BUILDING RENTAL",30360
"GENERAL FUND","BUS IMP DISTRICT ASSESSMENT",175000
"GENERAL FUND","CAR ALLOWANCE",74861
"GENERAL FUND","CHARGEBACK FUEL",3323860
"GENERAL FUND","CHARGEBACK-COLOR COPIES",1600
"GENERAL FUND","CHARGEBACK-IT",16026014
"GENERAL FUND","CHARGEBACK-NATURAL GAS",10000
"GENERAL FUND","CHARGEBACK-POSTAGE",264066
"GENERAL FUND","CHARGEBACK-PRINT SHOP",451972
"GENERAL FUND","CHARGEBACK-RISK MANAGEMENT",8886783
"GENERAL FUND","CHARGEBACK-VEHICLE MAINTENANCE",3614799
"GENERAL FUND","CHEMICALS",224121
"GENERAL FUND","CHGBCK-NON-TAR REP LBR & PARTS",50000
"GENERAL FUND","CITY-COUNTY HEALTH",147000
"GENERAL FUND","CLOTHING & OTHER",227138
"GENERAL FUND","COLLECTION EXPENSE",300000
"GENERAL FUND","COMPUTER SUPPLIES",247087
"GENERAL FUND","CONCESSIONS RESALE",75000
"GENERAL FUND","CONCRETE ROAD MATERIALS",399882
"GENERAL FUND","COPIER MAINTENANCE AND OVERAGE",10000
"GENERAL FUND","COUNTY REVALUATION",350000
"GENERAL FUND","CUSTODIAL SERVICE",356097
"GENERAL FUND","DAMAGES",40000
"GENERAL FUND","DRINKS",500
"GENERAL FUND","ECONOMIC DEVELOPEM",176000
"GENERAL FUND","EDUCATIONAL & TRAINING",34294
"GENERAL FUND","ELECTRICITY",4553797
"GENERAL FUND","EMPLOYEE INCENTIVE",2509871
"GENERAL FUND","EMPLOYEE PARKING",450757
"GENERAL FUND","EMPLOYEE TRAINING",220056
"GENERAL FUND","EMPLOYEE TRAVEL REIMBURSEMENT",161371
"GENERAL FUND","EMPLOYEE TUITION REIMBURSEMENT",71000
"GENERAL FUND","EMPLOYER'S FICA EXPENSE",2097
"GENERAL FUND","FACILITY SERVICES CONTRACT",190000
"GENERAL FUND","FEDERAL LEGISLATIVE CONSULTANT",107000
"GENERAL FUND","FERTILIZER",65459
"GENERAL FUND","FINGERPRINT SUPPLIES",6000
"GENERAL FUND","FOOD",5000
"GENERAL FUND","FUEL",1217188
"GENERAL FUND","FUNDRAISING MATERIALS",500
"GENERAL FUND","FURNITURE & FIXTURES",11000
"GENERAL FUND","GRAFFITI REMOVAL MATERIALS",40862
"GENERAL FUND","GROUNDS IMPROVEMENT",5000
"GENERAL FUND","HEALTH AND WELFARE INSURANCE",33537199
"GENERAL FUND","HORTICULTURE",122650
"GENERAL FUND","IAFF RETIREE HEALTH SUBSIDY",3358380
"GENERAL FUND","ICE & SNOW REMOVAL MATERIALS",200
"GENERAL FUND","INDEMNITY ADMIN",104337
"GENERAL FUND","INVESTIGATIVE SERV",4400
"GENERAL FUND","IRRIGATION SUPPLIES",33000
"GENERAL FUND","ITC MICROSOFT LICENSING",2200
"GENERAL FUND","JANITOR SUPPLIES",266678
"GENERAL FUND","LANDFILL",114074
"GENERAL FUND","LEGAL REFERENCE MATERIAL",56000
"GENERAL FUND","LICENSES",17921
"GENERAL FUND","MACHINERY AND EQUIPMENT MTCE",328766
"GENERAL FUND","MAINTENANCE SERVICES CONTRACT",6930
"GENERAL FUND","MAINTENANCE SUPPLIES",21500
"GENERAL FUND","MANAGEMENT CONTRACT",3111865
"GENERAL FUND","MEDICAL SAFETY SUPPLIES",77724
"GENERAL FUND","MEMBERSHIPS",399574
"GENERAL FUND","MERCHANDISE FOR RESALE",72388
"GENERAL FUND","METRO ALLIANCE 4 S",465852
"GENERAL FUND","MILEAGE REIMBURSEMENT",76469
"GENERAL FUND","MILEAGE REIMBURSEMENT NP",15300
"GENERAL FUND","MISCELLANEOUS SRVCS CONTRACTS",1162567
"GENERAL FUND","MOTOR OIL",35000
"GENERAL FUND","MUNICIPAL CODE",20000
"GENERAL FUND","NATURAL GAS",1404893
"GENERAL FUND","NEIGHBORHOOD IMPRV",190000
"GENERAL FUND","NON-CAPITAL FURNITURE & FIXTUR",287877
"GENERAL FUND","NON-CAPITAL OFFICE MACHINES",221507
"GENERAL FUND","NONTARGET REPAIR LABOR",210474
"GENERAL FUND","NONTARGET REPAIR PARTS",222272
"GENERAL FUND","OFFICE EQUIPMENT RENTAL",28006
"GENERAL FUND","OFFICE EQUIPMENT SVC",2000
"GENERAL FUND","OFFICE SUPPLIES",479765
"GENERAL FUND","OG&E LIGHT FIXTURE REPLACEMENT",105000
"GENERAL FUND","OMNIPLEX UTILITY CONTRACT",60000
"GENERAL FUND","OPEB EXPENSE",18815501
"GENERAL FUND","OPERATING LEASES",2736
"GENERAL FUND","OSBI RECORD CHECKS",29520
"GENERAL FUND","OTHER EQUIPMENT",196942
"GENERAL FUND","OTHER EQUIPMENT RENTAL",265380
"GENERAL FUND","OTHER INSURANCE",9500
"GENERAL FUND","OTHER REPAIRS AND MAINTENANCE",139656
"GENERAL FUND","OTHER SERVICES AND CHARGES",2741009
"GENERAL FUND","OTHER SUPPLIES",643116
"GENERAL FUND","OTHER UTILITIES",379637
"GENERAL FUND","OVERTIME WAGES",3743683
"GENERAL FUND","OVERTIME WAGES - FIRE",6219876
"GENERAL FUND","PART TIME & TEMPORARY WAGES",4081785
"GENERAL FUND","PAVEMENT MARKING MATERIALS",579061
"GENERAL FUND","PAYMENTS TO COTPA",16745998
"GENERAL FUND","PAYMENTS TO COTPA RIVER MOBIL",672068
"GENERAL FUND","PAYMENTS TO OCEDT",4461000
"GENERAL FUND","PHOTOGRAPHIC SUPPLIES",2000
"GENERAL FUND","POSTAGE",11300
"GENERAL FUND","PRINTING & BINDING",71744
"GENERAL FUND","PROFESSIONAL SERVICES-OTHER",1724934
"GENERAL FUND","PROFESSIONAL SVC-LEGAL",169300
"GENERAL FUND","PROFESSIONAL SVC-MEDICAL",315836
"GENERAL FUND","PROFESSIONAL SVC-TEMP LABOR",433276
"GENERAL FUND","PROPANE",16000
"GENERAL FUND","RADIOS & OTHER EQUIP",1000
"GENERAL FUND","REPAIR & MAINT PARTS-PARKS",110045
"GENERAL FUND","REPAIR & MAINTENANCE PARTS",1102149
"GENERAL FUND","RETIREMENT PENSION CONTRIB",22610989
"GENERAL FUND","RURAL ROAD MATERIALS",120076
"GENERAL FUND","SAFETY EQUIPMENT & SUPPLIES",19518
"GENERAL FUND","Safety Surface Installation",90000
"GENERAL FUND","SAFETY SURFACE SUPPLIES",90000
"GENERAL FUND","SALARIES AND WAGES",201639511
"GENERAL FUND","SALARY ADJUSTMENTS",44294
"GENERAL FUND","SECURITY SYSTEMS",468063
"GENERAL FUND","SMALL TOOLS & MINOR EQUIP",245474
"GENERAL FUND","SNOW AND ICE CONTROL MATERIALS",120000
"GENERAL FUND","SOFTWARE LICENSING TO MFA",1200
"GENERAL FUND","SPECIAL MARKETING",50000
"GENERAL FUND","STATE LEGISLATIVE CONSULTANT",95000
"GENERAL FUND","SUBSCRIPTIONS",3405
"GENERAL FUND","TELEPHONE",82147
"GENERAL FUND","TIRES AND TUBES",13000
"GENERAL FUND","TOOL ALLOWANCE",3600
"GENERAL FUND","TR TO OCMFA BOB PROJECT",30000
"GENERAL FUND","TRAFFIC SIGN MATERIALS",195559
"GENERAL FUND","TRAFFIC SIGNAL MATERIALS",76642
"GENERAL FUND","TRAINING/EDUCATION",26434
"GENERAL FUND","TRANSFER TO CITY & SCHOOLS USE",69725
"GENERAL FUND","TRANSFER TO EMERGENCY MMGT-911",3255062
"GENERAL FUND","TRANSFER TO FEDERAL GRANTS",50000
"GENERAL FUND","TRANSFER TO FUND 039 CIP",6176725
"GENERAL FUND","TRANSFER TO GOLF OPER RES",850000
"GENERAL FUND","TRANSFER TO MFA",134063
"GENERAL FUND","TRANSFER TO MFA LEGAL SERVICE",200000
"GENERAL FUND","TRANSFER TO MFA UNEMPL COMP",225000
"GENERAL FUND","TRANSFER TO OCPPA",6064553
"GENERAL FUND","TRANSFER TO OCPPA ART CT",100000
"GENERAL FUND","TRANSFER TO OCPPA BID",234000
"GENERAL FUND","TRANSFER TO OCPPA FAIRGROUNDS",15000
"GENERAL FUND","TRANSFER TO OCPPA J STWRT GOLF",346271
"GENERAL FUND","TRANSFER TO OKC PARKING FUND",309026
"GENERAL FUND","TRAVEL & MEETINGS",1500
"GENERAL FUND","UNIFORM ALLOWANCE",1467964
"GENERAL FUND","UNIFORMS & EQUIPMENT",51465
"GENERAL FUND","VETERINARY DRUGS",263947
"GENERAL FUND","WATER, SEWER & REFUSE",1386820
"GRANTS MANAGEMENT","BUDGET-CAPITAL OUTLAY",1680530
"GRANTS MANAGEMENT","BUDGET-MATERIALS AND SUPPLIES",120744
"GRANTS MANAGEMENT","BUDGET-OTHER SRVCS & CHARGES",20742810
"GRANTS MANAGEMENT","BUDGET-PERSONAL SERVICES",2027491
"GRANTS MANAGEMENT","CHARGEBACK FUEL",9027
"GRANTS MANAGEMENT","CHARGEBACK-IT",14748
"GRANTS MANAGEMENT","CHARGEBACK-RISK MANAGEMENT",15668
"GRANTS MANAGEMENT","CHARGEBACK-VEHICLE MAINTENANCE",7045
"GRANTS MANAGEMENT","HEALTH AND WELFARE INSURANCE",270813
"GRANTS MANAGEMENT","OFFICE SUPPLIES",10100
"GRANTS MANAGEMENT","PROFESSIONAL SERVICES-OTHER",5000
"GRANTS MANAGEMENT","RETIREMENT PENSION CONTRIB",91011
"GRANTS MANAGEMENT","SALARIES AND WAGES",1507260
"GRANTS MANAGEMENT","SICK LEAVE",-63305
"HOTEL MOTEL TAX SPEC REVENUE","BUDGET-CONTINGENCY",141510
"HOTEL MOTEL TAX SPEC REVENUE","CHARGEBACK-ADMIN SRVCS",267869
"HOTEL MOTEL TAX SPEC REVENUE","MANAGEMENT FEES",6600000
"HOTEL MOTEL TAX SPEC REVENUE","TRANSFER TO OCPPA FAIRGROUNDS",2825527
"HOTEL MOTEL TAX SPEC REVENUE","TRANSFER TO OCPPA-DEBT SERV",13509802
"INFORMATION TECHNOLOGY","BUDGET-CONTINGENCY",470000
"INFORMATION TECHNOLOGY","BUDGET-SALARY RESERVE",153329
"INFORMATION TECHNOLOGY","BUDGET-VACANCY DISCOUNT",-176190
"INFORMATION TECHNOLOGY","CAR ALLOWANCE",6000
"INFORMATION TECHNOLOGY","CHARGEBACK-ADMIN SRVCS",1476555
"INFORMATION TECHNOLOGY","CHARGEBACK-POSTAGE",500
"INFORMATION TECHNOLOGY","CLOTHING & OTHER",2000
"INFORMATION TECHNOLOGY","COMPUTER SUPPLIES",131100
"INFORMATION TECHNOLOGY","COPIER LEASE",2000
"INFORMATION TECHNOLOGY","ELECTRICITY",181785
"INFORMATION TECHNOLOGY","EMPLOYEE PARKING",47607
"INFORMATION TECHNOLOGY","EMPLOYEE TRAINING",91366
"INFORMATION TECHNOLOGY","EMPLOYEE TRAVEL REIMBURSEMENT",20000
"INFORMATION TECHNOLOGY","HEALTH AND WELFARE INSURANCE",1182267
"INFORMATION TECHNOLOGY","ITC CASH REGISTER SYSTEMS",67000
"INFORMATION TECHNOLOGY","ITC CCTV",102931
"INFORMATION TECHNOLOGY","ITC CCTV SURVEILLANCE SUPPLIES",70000
"INFORMATION TECHNOLOGY","ITC ESRI GIS SYSTEM",94500
"INFORMATION TECHNOLOGY","ITC MISCELLANEOUS",706681
"INFORMATION TECHNOLOGY","ITC MS PREMIER",77563
"INFORMATION TECHNOLOGY","ITC NETWORK COMPONENTS",275000
"INFORMATION TECHNOLOGY","ITC NETWORK FIBER MAINT",79000
"INFORMATION TECHNOLOGY","ITC SECURITY",353338
"INFORMATION TECHNOLOGY","ITC TIME KEEPING SYSTEM",180000
"INFORMATION TECHNOLOGY","ITC TROPOS WIRELESS NETWORK",215033
"INFORMATION TECHNOLOGY","ITC WIRELESS COMMUNICATION",328640
"INFORMATION TECHNOLOGY","MAINTENANCE SERVICES CONTRACT",50962
"INFORMATION TECHNOLOGY","NATURAL GAS",25750
"INFORMATION TECHNOLOGY","NETWORK AND OTHER SUPPLIES",35000
"INFORMATION TECHNOLOGY","NON-CAPITAL FURNITURE & FIXTUR",20000
"INFORMATION TECHNOLOGY","OFFICE SUPPLIES",10580
"INFORMATION TECHNOLOGY","OTHER SUPPLIES",10000
"INFORMATION TECHNOLOGY","OVERTIME WAGES",1375
"INFORMATION TECHNOLOGY","PSC ACOG E911 SERVICES",65000
"INFORMATION TECHNOLOGY","PSC ALIGNMENT MAINT",160700
"INFORMATION TECHNOLOGY","PSC COURTS LASERFICHE",30000
"INFORMATION TECHNOLOGY","PSC DISPATCH TRITECH",400000
"INFORMATION TECHNOLOGY","PSC ELECTRICITY OG&E",180000
"INFORMATION TECHNOLOGY","PSC FIRE RMS ETI",111000
"INFORMATION TECHNOLOGY","PSC MICROWAVE MAINT",156500
"INFORMATION TECHNOLOGY","PSC MISCELLANEOUS",521172
"INFORMATION TECHNOLOGY","PSC OK TOWER LEASE",92000
"INFORMATION TECHNOLOGY","PSC RADIO REPAIR",81113
"INFORMATION TECHNOLOGY","PSC SIREN MAINT",211150
"INFORMATION TECHNOLOGY","PSC TRUNKED RADIO MAINT",543700
"INFORMATION TECHNOLOGY","PSC WIRELESS COMMUNICATION",410000
"INFORMATION TECHNOLOGY","RADIOS & OTHER EQUIP",300300
"INFORMATION TECHNOLOGY","RETIREMENT PENSION CONTRIB",515708
"INFORMATION TECHNOLOGY","SALARIES AND WAGES",8316584
"INFORMATION TECHNOLOGY","SMALL TOOLS & MINOR EQUIP",1000
"INFORMATION TECHNOLOGY","TRANSFER TO FUND 039 CIP",1189000
"INFORMATION TECHNOLOGY","TRANSFER TO MFA",1303405
"INFORMATION TECHNOLOGY","TRANSFER TO MFA 911 COST",703910
"INFORMATION TECHNOLOGY","TRANSFER TO MFA INTERNET",302000
"INFORMATION TECHNOLOGY","TRANSFER TO MFA MICROSOFT",832094
"INFORMATION TECHNOLOGY","TRANSFER TO MFA TELEPHONE",1590693
"INFORMATION TECHNOLOGY","TRANSFER TO OCPPA",92000
"INFORMATION TECHNOLOGY","TSF TO MFA ACCELA AUTOMATION",379805
"INFORMATION TECHNOLOGY","TSF_TO_ADOBE_LICENSING",19400
"MAPS OPERATIONS","BUDGET-CONTINGENCY",349405
"MAPS OPERATIONS","BUDGET-REPLACEMENT CAPITAL",2740366
"MAPS OPERATIONS","CHARGEBACK FUEL",4470
"MAPS OPERATIONS","CHARGEBACK-VEHICLE MAINTENANCE",1409
"MAPS OPERATIONS","CONSTRUCTION IN PROGRESS",612239
"MAPS OPERATIONS","HEALTH AND WELFARE INSURANCE",106076
"MAPS OPERATIONS","OTHER SERVICES AND CHARGES",189583
"MAPS OPERATIONS","OTHER SUPPLIES",255858
"MAPS OPERATIONS","OVERTIME WAGES",18136
"MAPS OPERATIONS","PART TIME & TEMPORARY WAGES",58779
"MAPS OPERATIONS","RETIREMENT PENSION CONTRIB",32001
"MAPS OPERATIONS","SAFETY EQUIPMENT & SUPPLIES",1495
"MAPS OPERATIONS","SALARIES AND WAGES",522155
"MAPS OPERATIONS","TRANSFER TO OCPPA",52038
"MAPS3 SALES TAX","BUDGET-CAPITAL OUTLAY",206659407
"MAPS3 USE TAX","ADMIN PAYMENTS TO PUB WORKS",570625
"MAPS3 USE TAX","ARCHITECT & ENGINEERING",1455745
"MAPS3 USE TAX","BUDGET-CONTINGENCY",733950
"MAPS3 USE TAX","CAR ALLOWANCE",5000
"MAPS3 USE TAX","CHARGEBACK-ADMIN SRVCS",567819
"MAPS3 USE TAX","CHARGEBACK-COLOR COPIES",3300
"MAPS3 USE TAX","CHARGEBACK-POSTAGE",3000
"MAPS3 USE TAX","CHARGEBACK-PRINT SHOP",807
"MAPS3 USE TAX","COMPUTER SUPPLIES",7000
"MAPS3 USE TAX","CONSTRUCTION IN PROGRESS",7261368
"MAPS3 USE TAX","EMPLOYEE PARKING",3500
"MAPS3 USE TAX","EMPLOYEE TRAVEL REIMBURSEMENT",4000
"MAPS3 USE TAX","EQUIPMENT",2183384
"MAPS3 USE TAX","HEALTH AND WELFARE INSURANCE",114192
"MAPS3 USE TAX","MEMBERSHIPS",500
"MAPS3 USE TAX","MILEAGE REIMBURSEMENT",5000
"MAPS3 USE TAX","NON-CAPITAL FURNITURE & FIXTUR",19200
"MAPS3 USE TAX","NON-CAPITAL OFFICE MACHINES",4500
"MAPS3 USE TAX","OFFICE SUPPLIES",10000
"MAPS3 USE TAX","OTHER EQUIPMENT",4500
"MAPS3 USE TAX","PRINTING & BINDING",2000
"MAPS3 USE TAX","PROFESSIONAL SERVICES-OTHER",325000
"MAPS3 USE TAX","RETIREMENT PENSION CONTRIB",48687
"MAPS3 USE TAX","SALARIES AND WAGES",785755
"MAPS3 USE TAX","SUBSCRIPTIONS",500
"MAPS3 USE TAX","TESTING",124334
"MAPS3 USE TAX","TRAINING/EDUCATION",6000
"MAPS3 USE TAX","VEHICLES",22169932
"MEDICAL SERVICE PROGRAM","BUDGET-CONTINGENCY",100000
"MEDICAL SERVICE PROGRAM","BUDGET-OPERATING RESERVE",1151891
"MEDICAL SERVICE PROGRAM","CHARGEBACK-BANKING CHARGES",75000
"MEDICAL SERVICE PROGRAM","CHARGEBACK-OCWUT",215000
"MEDICAL SERVICE PROGRAM","POSTAGE",17000
"MEDICAL SERVICE PROGRAM","PRINTING & BINDING",50000
"MEDICAL SERVICE PROGRAM","PROFESSIONAL SVC-MEDICAL",5256462
"METROPOLITAN PROJECTS TAX","BUDGET-CAPITAL OUTLAY",539438
"METROPOLITAN PROJECTS TAX","CHARGEBACK-PW ENGINEERING",843
"OKC TIF","PAYMENTS TO OCEDT",850000
"PARKING","BUDGET-CONTINGENCY",8792
"PARKING","BUDGET-SALARY RESERVE",4000
"PARKING","CAR ALLOWANCE",1000
"PARKING","CHARGEBACK FUEL",2320
"PARKING","CHARGEBACK-IT",19988
"PARKING","CHARGEBACK-POSTAGE",100
"PARKING","CHARGEBACK-VEHICLE MAINTENANCE",2818
"PARKING","CLOTHING & OTHER",600
"PARKING","HEALTH AND WELFARE INSURANCE",49270
"PARKING","OTHER SERVICES AND CHARGES",68725
"PARKING","OTHER SUPPLIES",21800
"PARKING","OTHER UTILITIES",1200
"PARKING","REPAIR & MAINTENANCE PARTS",10000
"PARKING","RETIREMENT PENSION CONTRIB",16626
"PARKING","SALARIES AND WAGES",275013
"PARKING","SMALL TOOLS & MINOR EQUIP",4000
"POLICE","BUDGET-CAPITAL OUTLAY",864967
"POLICE","BUDGET-CONTINGENCY",2286827
"POLICE","BUDGET-MATERIALS AND SUPPLIES",1046294
"POLICE","BUDGET-OTHER FRINGE BUDGET",3603
"POLICE","BUDGET-OTHER SRVCS & CHARGES",449269
"POLICE","BUDGET-SALARY RESERVE",100000
"POLICE","BUDGET-VACANCY DISCOUNT",-305698
"POLICE","BUILDING MAINTENANCE",80000
"POLICE","CHARGEBACK FUEL",1094051
"POLICE","CHARGEBACK FUEL CONTINGENCY",200000
"POLICE","CHARGEBACK-RISK MANAGEMENT",641489
"POLICE","CHARGEBACK-VEHICLE MAINTENANCE",1190949
"POLICE","COMPUTER SUPPLIES",15000
"POLICE","CONSTRUCTION IN PROGRESS",1790000
"POLICE","EMPLOYEE INCENTIVE",191916
"POLICE","EMPLOYEE TRAINING",6500
"POLICE","EMPLOYEE TRAVEL REIMBURSEMENT",5000
"POLICE","EMPLOYEE TUITION REIMBURSEMENT",13317
"POLICE","EMPLOYER'S FICA EXPENSE",16956
"POLICE","HEALTH AND WELFARE INSURANCE",2886657
"POLICE","NON-CAPITAL A&E",25000
"POLICE","NON-CAPITAL ADMIN COST",65000
"POLICE","NON-CAPITAL FURNITURE & FIXTUR",1750000
"POLICE","NONTARGET REPAIR LABOR",51102
"POLICE","NONTARGET REPAIR PARTS",85170
"POLICE","OTHER REPAIRS AND MAINTENANCE",2409
"POLICE","OTHER SERVICES AND CHARGES",15000
"POLICE","OTHER SUPPLIES",60000
"POLICE","OVERTIME WAGES",389360
"POLICE","PART TIME & TEMPORARY WAGES",221644
"POLICE","PROFESSIONAL SVC-MEDICAL",6000
"POLICE","REPAIR & MAINTENANCE PARTS",5110
"POLICE","RETIREMENT PENSION CONTRIB",2184217
"POLICE","SALARIES AND WAGES",17629224
"POLICE","TRANSFER TO MFA",1500000
"POLICE","UNIFORM ALLOWANCE",1699136
"POLICE","UNIFORMS & EQUIPMENT",673475
"POLICE","WAGE ADJUSTMENT-SALARY REIMB",9154838
"POLICE/FIRE EQUIP SALES TAX","BUDGET-CAPITAL OUTLAY",3404746
"POLICE/FIRE EQUIP SALES TAX","BUDGET-CONTINGENCY",1800000
"POLICE/FIRE EQUIP SALES TAX","BUDGET-MATERIALS AND SUPPLIES",56567
"POLICE/FIRE EQUIP SALES TAX","BUDGET-OTHER SRVCS & CHARGES",2157795
"POLICE/FIRE EQUIP SALES TAX","MISCELLANEOUS SRVCS CONTRACTS",6101
"POLICE/FIRE EQUIP SALES TAX","OTHER EQUIPMENT",9435
"POLICE/FIRE EQUIP SALES TAX","TRAVEL & MEETINGS",26
"POLICE/FIRE EQUIP USE TAX","OTHER SERVICES AND CHARGES",375
"PRINT SHOP","BUDGET-CONTINGENCY",22000
"PRINT SHOP","CHARGEBACK-ADMIN SRVCS",114047
"PRINT SHOP","EMPLOYEE PARKING",2639
"PRINT SHOP","EMPLOYEE TRAINING",500
"PRINT SHOP","HEALTH AND WELFARE INSURANCE",51589
"PRINT SHOP","MACHINERY AND EQUIPMENT MTCE",65137
"PRINT SHOP","MEMBERSHIPS",400
"PRINT SHOP","NON-CAPITAL OFFICE MACHINES",1000
"PRINT SHOP","OTHER EQUIPMENT",2709
"PRINT SHOP","OTHER EQUIPMENT RENTAL",15000
"PRINT SHOP","OTHER SERVICES AND CHARGES",712
"PRINT SHOP","OTHER SUPPLIES",65862
"PRINT SHOP","OVERTIME WAGES",100
"PRINT SHOP","PART TIME & TEMPORARY WAGES",23479
"PRINT SHOP","POSTAGE",370000
"PRINT SHOP","PRINTING & BINDING",5000
"PRINT SHOP","RETIREMENT PENSION CONTRIB",12615
"PRINT SHOP","SALARIES AND WAGES",200888
"PRINT SHOP","TRANSFER TO FUND 039 CIP",123144
"RISK MANAGEMENT","BUDGET-CONTINGENCY",56029
"RISK MANAGEMENT","BUDGET-SALARY RESERVE",32000
"RISK MANAGEMENT","CHARGEBACK-ADMIN SRVCS",742760
"RISK MANAGEMENT","COMPUTER SUPPLIES",4000
"RISK MANAGEMENT","EDUCATIONAL & TRAINING",5000
"RISK MANAGEMENT","EMPLOYEE BUS PASS",250
"RISK MANAGEMENT","EMPLOYEE PARKING",5245
"RISK MANAGEMENT","EMPLOYEE TRAINING",4000
"RISK MANAGEMENT","EMPLOYEE TRAVEL REIMBURSEMENT",6000
"RISK MANAGEMENT","HEALTH AND WELFARE INSURANCE",139116
"RISK MANAGEMENT","MEMBERSHIPS",3111
"RISK MANAGEMENT","MISCELLANEOUS SRVCS CONTRACTS",8388
"RISK MANAGEMENT","OFFICE SUPPLIES",8000
"RISK MANAGEMENT","OTHER SUPPLIES",6629
"RISK MANAGEMENT","PHOTOGRAPHIC SUPPLIES",400
"RISK MANAGEMENT","PROTECTIVE CLOTHING",100
"RISK MANAGEMENT","REPAIR & MAINTENANCE PARTS",500
"RISK MANAGEMENT","RETIREMENT PENSION CONTRIB",53423
"RISK MANAGEMENT","SALARIES AND WAGES",879286
"RISK MANAGEMENT","TELEPHONE",71
"RISK MANAGEMENT","TRANSFER TO MFA P&L",2630850
"RISK MANAGEMENT","TRANSFER TO MFA RISK WORK COMP",12501963
"SOLID WASTE MANAGEMENT","ADVERTISING",1000
"SOLID WASTE MANAGEMENT","BUDGET-OPERATING RESERVE",193381
"SOLID WASTE MANAGEMENT","BUDGET-SALARY RESERVE",526798
"SOLID WASTE MANAGEMENT","BUDGET-VACANCY DISCOUNT",-122771
"SOLID WASTE MANAGEMENT","CHARGEBACK-ADMIN SRVCS",914964
"SOLID WASTE MANAGEMENT","CHARGEBACK-BANKING CHARGES",171778
"SOLID WASTE MANAGEMENT","CHARGEBACK-IT",290413
"SOLID WASTE MANAGEMENT","CHARGEBACK-POSTAGE",5000
"SOLID WASTE MANAGEMENT","CHARGEBACK-PRINT SHOP",9838
"SOLID WASTE MANAGEMENT","CHARGEBACK-RISK MANAGEMENT",422239
"SOLID WASTE MANAGEMENT","CLOTHING & OTHER",45150
"SOLID WASTE MANAGEMENT","COMPUTER SUPPLIES",10000
"SOLID WASTE MANAGEMENT","EDUCATIONAL & TRAINING",1000
"SOLID WASTE MANAGEMENT","ELECTRICITY",50000
"SOLID WASTE MANAGEMENT","EMPLOYEE PARKING",1319
"SOLID WASTE MANAGEMENT","EMPLOYEE TRAINING",5000
"SOLID WASTE MANAGEMENT","EMPLOYEE TRAVEL REIMBURSEMENT",2500
"SOLID WASTE MANAGEMENT","FUEL",1204800
"SOLID WASTE MANAGEMENT","HEALTH AND WELFARE INSURANCE",1286823
"SOLID WASTE MANAGEMENT","JANITOR SUPPLIES",3500
"SOLID WASTE MANAGEMENT","MACHINERY AND EQUIPMENT MTCE",9500
"SOLID WASTE MANAGEMENT","MEMBERSHIPS",1500
"SOLID WASTE MANAGEMENT","MISCELLANEOUS SRVCS CONTRACTS",48000
"SOLID WASTE MANAGEMENT","NON-CAPITAL FURNITURE & FIXTUR",5000
"SOLID WASTE MANAGEMENT","NON-CAPITAL OFFICE MACHINES",10600
"SOLID WASTE MANAGEMENT","OFFICE SUPPLIES",9750
"SOLID WASTE MANAGEMENT","OTHER SERVICES AND CHARGES",12625
"SOLID WASTE MANAGEMENT","OTHER SUPPLIES",26400
"SOLID WASTE MANAGEMENT","OVERTIME WAGES",297215
"SOLID WASTE MANAGEMENT","PART TIME & TEMPORARY WAGES",148707
"SOLID WASTE MANAGEMENT","RADIOS & OTHER EQUIP",1100
"SOLID WASTE MANAGEMENT","REPAIR & MAINTENANCE PARTS",5000
"SOLID WASTE MANAGEMENT","RETIREMENT PENSION CONTRIB",349514
"SOLID WASTE MANAGEMENT","SAFETY EQUIPMENT & SUPPLIES",12000
"SOLID WASTE MANAGEMENT","SALARIES AND WAGES",5788532
"SOLID WASTE MANAGEMENT","SMALL TOOLS & MINOR EQUIP",7000
"SOLID WASTE MANAGEMENT","WATER, SEWER & REFUSE",15000
"SPECIAL DISTRICTS (BID)","ADVERTISING",5170
"SPECIAL DISTRICTS (BID)","CHARGEBACK-ADMIN SRVCS",6986
"SPECIAL DISTRICTS (BID)","TRANSFER TO OCPPA BID",249945
"SPECIAL DISTRICTS (BID)","TSF TO PPA BID/ASSESSMENTS",272618
"SPECIAL DISTRICTS (BID)","TSF TO PPA BID/AUTO ALLEY",66446
"SPECIAL DISTRICTS (BID)","TSF TO PPA BID/BRICKTOWN CANAL",149230
"SPECIAL DISTRICTS (BID)","TSF TO PPA BID/BRICKTOWN MKTG",164853
"SPECIAL DISTRICTS (BID)","TSF TO PPA BID/CONCOURSE",182145
"SPECIAL DISTRICTS (BID)","TSF TO PPA BID/DISTRICT WIDE",977031
"SPECIAL DISTRICTS (BID)","TSF TO PPA BID/INTEREST OP",26400
"SPECIAL DISTRICTS (BID)","TSF TO PPA BID/LATE PENALTY",18882
"SPECIAL DISTRICTS (BID)","TSF TO PPA BID/STREET LEVEL",295443
"SPECIAL PURPOSE","ADMIN PAYMENTS TO PUB WORKS",10137
"SPECIAL PURPOSE","ADVERTISING",1404
"SPECIAL PURPOSE","ANIMAL-SUPPLIES",24000
"SPECIAL PURPOSE","ARCHITECT & ENGINEERING",654068
"SPECIAL PURPOSE","ART",1911
"SPECIAL PURPOSE","BUDGET-CAPITAL OUTLAY",102680
"SPECIAL PURPOSE","BUDGET-CONTINGENCY",1007501
"SPECIAL PURPOSE","BUDGET-MATERIALS AND SUPPLIES",10000
"SPECIAL PURPOSE","BUILDING MAINTENANCE",138797
"SPECIAL PURPOSE","CAPITALIZED PROFESSIONAL SRVC",700000
"SPECIAL PURPOSE","CLOTHING & OTHER",8023
"SPECIAL PURPOSE","CONSTRUCTION IN PROGRESS",2231207
"SPECIAL PURPOSE","EMPLOYEE TRAINING",10556
"SPECIAL PURPOSE","EMPLOYER'S FICA EXPENSE",622
"SPECIAL PURPOSE","GRAPHICS SUPPLIES",1000
"SPECIAL PURPOSE","MISCELLANEOUS SRVCS CONTRACTS",888
"SPECIAL PURPOSE","NON-CAPITAL A&E",5464
"SPECIAL PURPOSE","NON-CAPITAL ADMIN COST",3684
"SPECIAL PURPOSE","NON-CAPITAL FURNITURE & FIXTUR",208059
"SPECIAL PURPOSE","OTHER EQUIPMENT",35409
"SPECIAL PURPOSE","OTHER EQUIPMENT RENTAL",4963
"SPECIAL PURPOSE","OTHER REPAIRS AND MAINTENANCE",5000
"SPECIAL PURPOSE","OTHER SERVICES AND CHARGES",2036293
"SPECIAL PURPOSE","OTHER SUPPLIES",1996123
"SPECIAL PURPOSE","PART TIME & TEMPORARY WAGES",7146
"SPECIAL PURPOSE","PROFESSIONAL SERVICES-OTHER",20442
"SPECIAL PURPOSE","PROFESSIONAL SVC-MEDICAL",121000
"SPECIAL PURPOSE","PURCHASING CARD PR",1178
"SPECIAL PURPOSE","REPAIR & MAINTENANCE PARTS",103699
"SPECIAL PURPOSE","TESTING",9774
"SPECIAL PURPOSE","VEHICLES",47
"SPORTS FACILITIES SALES TAX","CONSTRUCTION IN PROGRESS",898825
"SPORTS FACILITIES SALES TAX","OTHER SERVICES AND CHARGES",877
"SPORTS FACILITIES USE TAX","BUDGET-CAPITAL OUTLAY",678747
"SPORTS FACILITIES USE TAX","BUDGET-OTHER SRVCS & CHARGES",106992
"STORMWATER DRAINAGE","ADVERTISING",55000
"STORMWATER DRAINAGE","ARCHITECT & ENGINEERING",78895
"STORMWATER DRAINAGE","BUDGET-CONTINGENCY",315003
"STORMWATER DRAINAGE","BUDGET-MATERIALS AND SUPPLIES",24055
"STORMWATER DRAINAGE","BUDGET-VACANCY DISCOUNT",-134504
"STORMWATER DRAINAGE","CAR ALLOWANCE",1050
"STORMWATER DRAINAGE","CHARGEBACK FUEL",476750
"STORMWATER DRAINAGE","CHARGEBACK-ADMIN SRVCS",1056017
"STORMWATER DRAINAGE","CHARGEBACK-BANKING CHARGES",171778
"STORMWATER DRAINAGE","CHARGEBACK-COLOR COPIES",1100
"STORMWATER DRAINAGE","CHARGEBACK-IT",233547
"STORMWATER DRAINAGE","CHARGEBACK-OCWUT",784000
"STORMWATER DRAINAGE","CHARGEBACK-PRINT SHOP",1498
"STORMWATER DRAINAGE","CHARGEBACK-RISK MANAGEMENT",272075
"STORMWATER DRAINAGE","CHARGEBACK-VEHICLE MAINTENANCE",747178
"STORMWATER DRAINAGE","CLOTHING & OTHER",38015
"STORMWATER DRAINAGE","COMPUTER SUPPLIES",21250
"STORMWATER DRAINAGE","DRINKS",1000
"STORMWATER DRAINAGE","ELECTRICITY",41000
"STORMWATER DRAINAGE","EMPLOYEE PARKING",16005
"STORMWATER DRAINAGE","EMPLOYEE TRAINING",11355
"STORMWATER DRAINAGE","EMPLOYEE TRAVEL REIMBURSEMENT",13000
"STORMWATER DRAINAGE","EQUIPMENT",460290
"STORMWATER DRAINAGE","FOOD",1000
"STORMWATER DRAINAGE","HEALTH AND WELFARE INSURANCE",1274663
"STORMWATER DRAINAGE","IMPROVED DRAINAGE MATERIALS",175678
"STORMWATER DRAINAGE","JANITOR SUPPLIES",1500
"STORMWATER DRAINAGE","LANDFILL",125000
"STORMWATER DRAINAGE","LICENSES",2580
"STORMWATER DRAINAGE","MACHINERY AND EQUIPMENT MTCE",20600
"STORMWATER DRAINAGE","MAINTENANCE SERVICES CONTRACT",750000
"STORMWATER DRAINAGE","MEMBERSHIPS",2475
"STORMWATER DRAINAGE","MILEAGE REIMBURSEMENT",1500
"STORMWATER DRAINAGE","MISCELLANEOUS SRVCS CONTRACTS",266350
"STORMWATER DRAINAGE","NATURAL GAS",20000
"STORMWATER DRAINAGE","NON-CAPITAL A&E",62021
"STORMWATER DRAINAGE","NON-CAPITAL CONSTRUCTION",526325
"STORMWATER DRAINAGE","NON-CAPITAL FURNITURE & FIXTUR",3000
"STORMWATER DRAINAGE","NON-CAPITAL OFFICE MACHINES",21000
"STORMWATER DRAINAGE","NONTARGET REPAIR LABOR",22732
"STORMWATER DRAINAGE","NONTARGET REPAIR PARTS",45000
"STORMWATER DRAINAGE","OFFICE SUPPLIES",20088
"STORMWATER DRAINAGE","OKLAHOMA RIVER MATERIALS",392312
"STORMWATER DRAINAGE","OTHER EQUIPMENT",110000
"STORMWATER DRAINAGE","OTHER EQUIPMENT RENTAL",103200
"STORMWATER DRAINAGE","OTHER REPAIRS AND MAINTENANCE",2500
"STORMWATER DRAINAGE","OTHER SERVICES AND CHARGES",2929059
"STORMWATER DRAINAGE","OTHER SUPPLIES",52312
"STORMWATER DRAINAGE","OVERTIME WAGES",15436
"STORMWATER DRAINAGE","PART TIME & TEMPORARY WAGES",254938
"STORMWATER DRAINAGE","PRINTING & BINDING",3780
"STORMWATER DRAINAGE","PROFESSIONAL SERVICES-OTHER",2500
"STORMWATER DRAINAGE","PROFESSIONAL SVC-MEDICAL",1150
"STORMWATER DRAINAGE","PROFESSIONAL SVC-TEMP LABOR",242631
"STORMWATER DRAINAGE","PROTECTIVE CLOTHING",7500
"STORMWATER DRAINAGE","PUBLIC RELATIONS",1000
"STORMWATER DRAINAGE","REPAIR & MAINTENANCE PARTS",525527
"STORMWATER DRAINAGE","RETIREMENT PENSION CONTRIB",383002
"STORMWATER DRAINAGE","SALARIES AND WAGES",6342131
"STORMWATER DRAINAGE","SHIPPING / FREIGHT",1000
"STORMWATER DRAINAGE","SMALL TOOLS & MINOR EQUIP",37981
"STORMWATER DRAINAGE","UNIMPROVED DRAINAGE MATERIALS",155148
"STORMWATER DRAINAGE","VEHICLES",56000
"STORMWATER DRAINAGE","WATER, SEWER & REFUSE",48500
"STREET & ALLEY","ARCHITECT & ENGINEERING",18916
"STREET & ALLEY","BUDGET-CONTINGENCY",8002
"STREET & ALLEY","CONSTRUCTION IN PROGRESS",300000
"STREET & ALLEY","NON-CAPITAL A&E",1121
"STREET & ALLEY","NON-CAPITAL CONSTRUCTION",152447
"STREET & ALLEY","OTHER SERVICES AND CHARGES",21091
"STREET & ALLEY","OTHER SUPPLIES",514875
"STREET & ALLEY","REPAIR & MAINTENANCE PARTS",5793
"STREET & ALLEY","TESTING",4102
"TRANSPORTATION","BUDGET-CONTINGENCY",36482
"TRANSPORTATION","BUDGET-SALARY RESERVE",95014
"TRANSPORTATION","CAR ALLOWANCE",3000
"TRANSPORTATION","HEALTH AND WELFARE INSURANCE",275334
"TRANSPORTATION","RETIREMENT PENSION CONTRIB",96214
"TRANSPORTATION","SALARIES AND WAGES",1560323
"TRANSPORTATION","TRAINING/EDUCATION",350
"WATER UTILITIES","ADVERTISING",3350
"WATER UTILITIES","BOTTLED GAS",4300
"WATER UTILITIES","BUDGET-OPERATING RESERVE",1630000
"WATER UTILITIES","BUDGET-RECRUIT OVERAGES",359957
"WATER UTILITIES","BUDGET-SALARY RESERVE",707794
"WATER UTILITIES","BUDGET-VACANCY DISCOUNT",-729703
"WATER UTILITIES","BUILDING MAINTENANCE",400
"WATER UTILITIES","CAR ALLOWANCE",3000
"WATER UTILITIES","CHARGEBACK-ADMIN SRVCS",6720001
"WATER UTILITIES","CHARGEBACK-BANKING CHARGES",343556
"WATER UTILITIES","CHARGEBACK-IT",3298610
"WATER UTILITIES","CHARGEBACK-POSTAGE",27669
"WATER UTILITIES","CHARGEBACK-PRINT SHOP",72892
"WATER UTILITIES","CHARGEBACK-RISK MANAGEMENT",2633507
"WATER UTILITIES","CHEMICALS",6035377
"WATER UTILITIES","CLOTHING & OTHER",120378
"WATER UTILITIES","COMPUTER SUPPLIES",306812
"WATER UTILITIES","CUSTODIAL SERVICE",40500
"WATER UTILITIES","EDUCATIONAL & TRAINING",3100
"WATER UTILITIES","ELECTRICITY",10369309
"WATER UTILITIES","EMPLOYEE PARKING",113185
"WATER UTILITIES","EMPLOYEE TRAINING",55454
"WATER UTILITIES","EMPLOYEE TRAVEL REIMBURSEMENT",27500
"WATER UTILITIES","FUEL",1027260
"WATER UTILITIES","GROUNDS IMPROVEMENT",18500
"WATER UTILITIES","HEALTH AND WELFARE INSURANCE",7570229
"WATER UTILITIES","JANITOR SUPPLIES",25154
"WATER UTILITIES","LANDFILL",24000
"WATER UTILITIES","LANDSCAPING",361000
"WATER UTILITIES","LICENSES",8000
"WATER UTILITIES","MACHINERY AND EQUIPMENT MTCE",273594
"WATER UTILITIES","MEMBERSHIPS",32646
"WATER UTILITIES","MILEAGE REIMBURSEMENT",1900
"WATER UTILITIES","MISCELLANEOUS SRVCS CONTRACTS",786460
"WATER UTILITIES","MOTOR OIL",31200
"WATER UTILITIES","NATURAL GAS",89395
"WATER UTILITIES","NON-CAPITAL FURNITURE & FIXTUR",49377
"WATER UTILITIES","NON-CAPITAL OFFICE MACHINES",16920
"WATER UTILITIES","NONTARGET REPAIR PARTS",11000
"WATER UTILITIES","OFFICE SUPPLIES",128350
"WATER UTILITIES","OTHER EQUIPMENT",124380
"WATER UTILITIES","OTHER EQUIPMENT RENTAL",6860
"WATER UTILITIES","OTHER LUBRICANTS",16200
"WATER UTILITIES","OTHER REPAIRS AND MAINTENANCE",39000
"WATER UTILITIES","OTHER SERVICES AND CHARGES",576849
"WATER UTILITIES","OTHER SUPPLIES",243898
"WATER UTILITIES","OVERTIME WAGES",532315
"WATER UTILITIES","PART TIME & TEMPORARY WAGES",149669
"WATER UTILITIES","PAVEMENT MAINTENANCE",205200
"WATER UTILITIES","PHOTOGRAPHIC SUPPLIES",140
"WATER UTILITIES","POSTAGE",931235
"WATER UTILITIES","PRINTING & BINDING",13675
"WATER UTILITIES","PROFESSIONAL SERVICES-OTHER",77975
"WATER UTILITIES","REPAIR & MAINTENANCE PARTS",3190122
"WATER UTILITIES","RETIREMENT PENSION CONTRIB",2088135
"WATER UTILITIES","SAFETY EQUIPMENT & SUPPLIES",150340
"WATER UTILITIES","SAFETY PROGRAM EXPENSE",2175
"WATER UTILITIES","SALARIES AND WAGES",34395634
"WATER UTILITIES","SALARY ADJUSTMENTS",11333
"WATER UTILITIES","SMALL TOOLS & MINOR EQUIP",304927
"WATER UTILITIES","SUBSCRIPTIONS",1900
"WATER UTILITIES","TELEPHONE",57100
"WATER UTILITIES","TIRES AND TUBES",111500
"WATER UTILITIES","TOPSOIL",1500
"WATER UTILITIES","UNIFORMS & EQUIPMENT",78794
"WATER UTILITIES","VEH LICENSE FEES",1600
"WATER UTILITIES","WATER, SEWER & REFUSE",56000
"ZOO","PAYMENTS TO OCZT",13667230
